comment;isHate
comment you should know women sports are joke ishate name dtype object;1.0
comment you look like sloth with deeper down syndrome ishate name dtype object;1.0
comment you look like russian and speak like indian ishate name dtype object;1.0
comment women deserve to be abused guess ishate name dtype object;1.0
comment women are made for making babies and cooking ishate name dtype object;1.0
comment why have not you faggots taken the bi pill yet ishate name dtype object;1.0
comment why don you go beck your god to murder you ishate name dtype object;1.0
comment why does that african american monkey hold gun ishate name dtype object;1.0
comment why does bulgaria exist as country it is one ishate name dtype object;1.0
comment why do negroes tear down their own neighborhoo ishate name dtype object;1.0
comment who gives aa fuck about shit diamonds from the ishate name 10 dtype object;1.0
comment who do you think you are cunt wtf stay stead ishate name 11 dtype object;1.0
comment white people are shit human beings ishate name 12 dtype object;1.0
comment what happened in the good old days when these ishate name 13 dtype object;1.0
comment what about global massacre of men pussiezzz ishate name 14 dtype object;1.0
comment what disgusting man and disgusting religion ishate name 15 dtype object;1.0
comment well it is clear now why europeans ca not differ ishate name 16 dtype object;1.0
comment well im glad that live in serbia migrants ishate name 17 dtype object;1.0
comment well done slovakia and god bless do not build ishate name 18 dtype object;1.0
comment we whites have higher iq than blacks this ishate name 19 dtype object;1.0
comment we take everyone sudanese niggers egyptian ishate name 20 dtype object;1.0
comment we need the nazi party to return get anoth ishate name 21 dtype object;1.0
comment we men enjoy the reproductive rights of paying ishate name 22 dtype object;1.0
comment watching this kid trying to step up and walk ishate name 23 dtype object;1.0
comment suck shit you black fuck ishate name 24 dtype object;1.0
comment transgenders need help they are sick in the ishate name 25 dtype object;1.0
comment trans are using the same logic feminists have ishate name 26 dtype object;1.0
comment time to nuke china or unleash plague ishate name 27 dtype object;1.0
comment throwing stones to paraplegic kids is my favou ishate name 28 dtype object;1.0
comment this was shit the guy should of boxed his head ishate name 29 dtype object;1.0
comment this sick disgusting white terrorist fascist ishate name 30 dtype object;1.0
comment this priest is being hated even by his stupid ishate name 31 dtype object;1.0
comment this korean bitch is like pig that how th ishate name 32 dtype object;1.0
comment this is so sinful it says it in the bible you ishate name 33 dtype object;1.0
comment this is exactly how feel like when see ishate name 34 dtype object;1.0
comment this is considered white in sweden no wonder ishate name 35 dtype object;1.0
comment this homo faggot spike lee wore this at the fl ishate name 36 dtype object;1.0
comment this fcking jew wants money ll give him onl ishate name 37 dtype object;1.0
comment they are insolent parasites and always have be ishate name 38 dtype object;1.0
comment these women are not autistic they are smart ishate name 39 dtype object;1.0
comment these people are fucking animals they will nev ishate name 40 dtype object;1.0
comment there is clearly written in quran person who ishate name 41 dtype object;1.0
comment the world would be better without white people ishate name 42 dtype object;1.0
comment the reason you see indians bashing muslims and ishate name 43 dtype object;1.0
comment the only thing more repulsive than nigger is ishate name 44 dtype object;1.0
comment the men are turtles idiots even in uk get lost ishate name 45 dtype object;1.0
comment the guy should feel shame to be gay it is suc ishate name 46 dtype object;1.0
comment that girl still need good ass whooping stup ishate name 47 dtype object;1.0
comment that fucking black cunt gets fucking cross hai ishate name 48 dtype object;1.0
comment teaching my kids transgenders are anything but ishate name 49 dtype object;1.0
comment taliban and all people with this thought must ishate name 50 dtype object;1.0
comment surprised that the burqa is banned in belgium ishate name 51 dtype object;1.0
comment support from china we also fight the cancer ishate name 52 dtype object;1.0
comment stupid ugly asian tan ass snitch ishate name 53 dtype object;1.0
comment stupid black women if were in that restauran ishate name 54 dtype object;1.0
comment stone throwing must be legal when against women ishate name 55 dtype object;1.0
comment stand the fuck up and take them out all you fu ishate name 56 dtype object;1.0
comment smack that bitch up mouthy african cunt ishate name 57 dtype object;1.0
comment she said is christian well now want to bu ishate name 58 dtype object;1.0
comment she is heavily relying on him to turn the othe ishate name 59 dtype object;1.0
comment serbia should kill gays in yugoslavia and not ishate name 60 dtype object;1.0
comment send all gays to hell ishate name 61 dtype object;1.0
comment see the blacks in paris they try to pretend ishate name 62 dtype object;1.0
comment salute to taliban mujahideen we pakistanis ar ishate name 63 dtype object;1.0
comment really hope she get raped in the future ra ishate name 64 dtype object;1.0
comment racist ass black bitch slapping white man ishate name 65 dtype object;1.0
comment phuck white rasist ass people ishate name 66 dtype object;1.0
comment or when the man walked up to the little girl ishate name 67 dtype object;1.0
comment only black lives matter fuck white people the ishate name 68 dtype object;1.0
comment native americans are fucking joke they did ishate name 69 dtype object;1.0
comment muslims want war so take it to them first ishate name 70 dtype object;1.0
comment mentally disabled people are fucking scary th ishate name 71 dtype object;1.0
comment men race is subordinate of women ishate name 72 dtype object;1.0
comment maybe it is because you are autistic wish you ishate name 73 dtype object;1.0
comment look at these gay ass niggas lol acting like ishate name 74 dtype object;1.0
comment lol you are not white you are jew jews are ishate name 75 dtype object;1.0
comment lock women up at home female are just to stu ishate name 76 dtype object;1.0
comment lgbtq are mentally ill period ishate name 77 dtype object;1.0
comment let go beat these queers ishate name 78 dtype object;1.0
comment killing koreans its werry good ishate name 79 dtype object;1.0
comment kill these basterds son of sluts who attack ishate name 80 dtype object;1.0
comment kill the gays ishate name 81 dtype object;1.0
comment kill every white people mercylessly ishate name 82 dtype object;1.0
comment kill all black people ishate name 83 dtype object;1.0
comment just look at that crowd all fat white trash ishate name 84 dtype object;1.0
comment it numbs them to the disgusting degeneracy and ishate name 85 dtype object;1.0
comment islam is pig shit ishate name 86 dtype object;1.0
comment islam is hell we asian hate isalm islam ishate name 87 dtype object;1.0
comment islam is religion of hate these propaganda ishate name 88 dtype object;1.0
comment islam is the home of terriorism ishate name 89 dtype object;1.0
comment is that guy shadow or are you just genetic ishate name 90 dtype object;1.0
comment indians are shit but burgers only have broken ishate name 91 dtype object;1.0
comment incest baby that got double down syndrome ishate name 92 dtype object;1.0
comment ima fucking stab up bruv fucking white pric ishate name 93 dtype object;1.0
comment im going to choke you with your cross necklace ishate name 94 dtype object;1.0
comment ignorant feminist she got roasted and still ishate name 95 dtype object;1.0
comment if men shouldnt hit women because we are physi ishate name 96 dtype object;1.0
comment if were your dad would google abortions at ishate name 97 dtype object;1.0
comment if were you would inject lethal heroin to ishate name 98 dtype object;1.0
comment if had to meet one of the apostles would ishate name 99 dtype object;1.0
comment if had down syndrome would kill myself ishate name 100 dtype object;1.0
comment searching for hitman right now to kill ishate name 101 dtype object;1.0
comment remember once was in charge of disabled ishate name 102 dtype object;1.0
comment just do not like homosexuals raising kids it ishate name 103 dtype object;1.0
comment hate mentally disabled people trying to touc ishate name 104 dtype object;1.0
comment hate every religion but because of you ha ishate name 105 dtype object;1.0
comment fucking hate gay and lesbians they are all ishate name 106 dtype object;1.0
comment don think you have the right to write comm ishate name 107 dtype object;1.0
comment do not hate women just think that they have ishate name 108 dtype object;1.0
comment hope you fucking die bitches gay people should ishate name 109 dtype object;1.0
comment homosexuality leads to death and extinction ishate name 110 dtype object;1.0
comment homosexuality and transgenderism is mental ishate name 111 dtype object;1.0
comment hindus and muslims are same shit they only kn ishate name 112 dtype object;1.0
comment gun shot fi gay get all of the guns them out ishate name 113 dtype object;1.0
comment grow some fucking balls and take back your cou ishate name 114 dtype object;1.0
comment good muslims deserved attack and damage ishate name 115 dtype object;1.0
comment gayness should be removed from the face of the ishate name 116 dtype object;1.0
comment fucking stupid feminist bitches ishate name 117 dtype object;1.0
comment fucking monkeys kill them all ishate name 118 dtype object;1.0
comment fucking migrants need ban fucking animals ishate name 119 dtype object;1.0
comment fuck anti muslims heartless assholes will ishate name 120 dtype object;1.0
comment fuck these generate vodka niggers there is no ishate name 121 dtype object;1.0
comment fuck off niggers wv is full ishate name 122 dtype object;1.0
comment fuck niggers they do not need rights all wa ishate name 123 dtype object;1.0
comment fuck gays disgusting ishate name 124 dtype object;1.0
comment fuck bulgaria stupid country ishate name 125 dtype object;1.0
comment feminism is just about women crying about the ishate name 126 dtype object;1.0
comment execute ohomo and his shemale bitch mike ishate name 127 dtype object;1.0
comment everyone hates you because you are gay ishate name 128 dtype object;1.0
comment every time see her with hijab niqab or bu ishate name 129 dtype object;1.0
comment even god hates dominicans why else did he shi ishate name 130 dtype object;1.0
comment europe is land of white people do not let afri ishate name 131 dtype object;1.0
comment equality should not apply on people of differe ishate name 132 dtype object;1.0
comment eeewwwwwww transgenders are fucking disgusting ishate name 133 dtype object;1.0
comment don worry guys men can easily win femmenism ishate name 134 dtype object;1.0
comment do women born to be whores ot they develop it ishate name 135 dtype object;1.0
comment dirty christianity follower creating war every ishate name 136 dtype object;1.0
comment die fucking arab dude sand niggas ishate name 137 dtype object;1.0
comment destroy islam ishate name 138 dtype object;1.0
comment deport all niggers spics chinks and other un ishate name 139 dtype object;1.0
comment crazy auntie get rid of your autistic son and ishate name 140 dtype object;1.0
comment christians are all demonic ishate name 141 dtype object;1.0
comment cancerous ugly tarded beings except lauren ishate name 142 dtype object;1.0
comment can we get white people running mtv or black ishate name 143 dtype object;1.0
comment burn them all down and kick islam out of eu ishate name 144 dtype object;1.0
comment buddhism is religion for cows people who be ishate name 145 dtype object;1.0
comment blacks are literally the cuckold of all the ra ishate name 146 dtype object;1.0
comment being lesbian is fine if you really love bei ishate name 147 dtype object;1.0
comment beeing gay is anti human ishate name 148 dtype object;1.0
comment because everyone knows this islam men is the ishate name 149 dtype object;1.0
comment autists is why presidents like trump are getti ishate name 150 dtype object;1.0
comment asians have more fats so they are yellow so ishate name 151 dtype object;1.0
comment as an sjw it is the right of black people to ishate name 152 dtype object;1.0
comment any lesbian that does not look like complete ishate name 153 dtype object;1.0
comment an ugly man in wig and dress is still just ishate name 154 dtype object;1.0
comment an asian moe howard piece of shit ishate name 155 dtype object;1.0
comment american people are dumbass they do not even ishate name 156 dtype object;1.0
comment american indians are finally almost extinguished ishate name 157 dtype object;1.0
comment all muslims worship satan times day ishate name 158 dtype object;1.0
comment all mental illnesses are awful and must be tre ishate name 159 dtype object;1.0
comment all girls like you should have pimp to guide ishate name 160 dtype object;1.0
comment after all this time the african americans are ishate name 161 dtype object;1.0
comment actually autism can make you retard ishate name 162 dtype object;1.0
comment jews are lower class pigs ishate 983871 name 163 dtype object;0.9838709677419356
comment send all these whiny black crybabies back to ishate 983607 name 164 dtype object;0.9836065573770492
comment trans people gays and loosers ishate 978261 name 165 dtype object;0.9782608695652174
comment the jew faggot behind the financial collapse ishate 973333 name 166 dtype object;0.9733333333333334
comment transgenderism is disease transgenders are ishate 966667 name 167 dtype object;0.9666666666666668
comment why are we not allowed to kill christians ishate 954545 name 168 dtype object;0.9545454545454546
comment ugly white girls and white dudes would not get ishate 945455 name 169 dtype object;0.9454545454545454
comment women are our property the sooner they realiz ishate 9375 name 170 dtype object;0.9375
comment you should be so meaner to dyslexic people ishate 903846 name 171 dtype object;0.903846153846154
comment ugly long chin brainless problematic mother fu ishate 903846 name 172 dtype object;0.903846153846154
comment women grow pair and refuse to compete wit ishate 857143 name 173 dtype object;0.8571428571428571
comment men can see beauty so they do not want to slee ishate 857143 name 174 dtype object;0.8571428571428571
comment feel uncomfortable when am in the same room ishate 857143 name 175 dtype object;0.8571428571428571
comment weak beta male hope he turns into tranny af ishate 849057 name 176 dtype object;0.8490566037735849
comment you look magically retarded ishate 846154 name 177 dtype object;0.8461538461538461
comment you are so lucky you have girlfriend bet ishate 833333 name 178 dtype object;0.8333333333333334
comment yo nigga go back to asia ishate 833333 name 179 dtype object;0.8333333333333334
comment with face like that bet you could scare yo ishate 833333 name 180 dtype object;0.8333333333333334
comment why aren europe evicting those bastards ru ishate 833333 name 181 dtype object;0.8333333333333334
comment what if we send every men to mars to start ishate 833333 name 182 dtype object;0.8333333333333334
comment well my religion isn as satanic as yours at ishate 833333 name 183 dtype object;0.8333333333333334
comment too bad women don know how to kill themselves ishate 833333 name 184 dtype object;0.8333333333333334
comment those religious cockroaches are pure evil don ishate 833333 name 185 dtype object;0.8333333333333334
comment these kind of fake photos of blacks pisses me ishate 833333 name 186 dtype object;0.8333333333333334
comment their dark coloured race does not mean shit ishate 833333 name 187 dtype object;0.8333333333333334
comment the thing is women are not equal to us men and ishate 833333 name 188 dtype object;0.8333333333333334
comment the power of christ compels you you demonic ishate 833333 name 189 dtype object;0.8333333333333334
comment the porn industry is billion dollar industry ishate 833333 name 190 dtype object;0.8333333333333334
comment the first step is to remove romanians they are ishate 833333 name 191 dtype object;0.8333333333333334
comment that asian bloke needs shave or cover up his ishate 833333 name 192 dtype object;0.8333333333333334
comment stupid feminists for fuck sake just just ishate 833333 name 193 dtype object;0.8333333333333334
comment sophie walker you are leader of nothing you ishate 833333 name 194 dtype object;0.8333333333333334
comment smack the fat ass out of her ishate 833333 name 195 dtype object;0.8333333333333334
comment shemales are paranormal creatures we shouldn ishate 833333 name 196 dtype object;0.8333333333333334
comment save on security and police deport all immigr ishate 833333 name 197 dtype object;0.8333333333333334
comment racist ass white ass people ishate 833333 name 198 dtype object;0.8333333333333334
comment please don come back filthy caucasian you ca ishate 833333 name 199 dtype object;0.8333333333333334
comment people with traumatic brain injury should have ishate 833333 name 200 dtype object;0.8333333333333334
comment pakistan is jihadi terror sponsor nation th ishate 833333 name 201 dtype object;0.8333333333333334
comment only fag does not want to see two chicks do ishate 833333 name 202 dtype object;0.8333333333333334
comment oh christ no more autism please hearing abou ishate 833333 name 203 dtype object;0.8333333333333334
comment now they know better than this shit lol they ishate 833333 name 204 dtype object;0.8333333333333334
comment moldova is country of masochists they are th ishate 833333 name 205 dtype object;0.8333333333333334
comment mass black worldwide genocide is our only hope ishate 833333 name 206 dtype object;0.8333333333333334
comment looks like the gay poster boy with syphilis ishate 833333 name 207 dtype object;0.8333333333333334
comment lmfao that fat slob in the wheelchair ishate 833333 name 208 dtype object;0.8333333333333334
comment lgbt now spread in asia many anti lgbt in asi ishate 833333 name 209 dtype object;0.8333333333333334
comment kneel down white boy its the era of brown pe ishate 833333 name 210 dtype object;0.8333333333333334
comment kill all muslims ishate 833333 name 211 dtype object;0.8333333333333334
comment jewish piece of shits like him should get hanged ishate 833333 name 212 dtype object;0.8333333333333334
comment its good thing im not commander or so in ishate 833333 name 213 dtype object;0.8333333333333334
comment it takes fat black bitch to say something su ishate 833333 name 214 dtype object;0.8333333333333334
comment islam lets beat their feminist ass ishate 833333 name 215 dtype object;0.8333333333333334
comment islam is horrible religion and does no good ishate 833333 name 216 dtype object;0.8333333333333334
comment is this world filled by those stupid female bi ishate 833333 name 217 dtype object;0.8333333333333334
comment indian ned flanders you look like you profess ishate 833333 name 218 dtype object;0.8333333333333334
comment if your fucking with cool female is all good ishate 833333 name 219 dtype object;0.8333333333333334
comment if you are from germany will call you nazi ishate 833333 name 220 dtype object;0.8333333333333334
comment if only he was black he would be literally ishate 833333 name 221 dtype object;0.8333333333333334
comment if was your dad would have cut your penis ishate 833333 name 222 dtype object;0.8333333333333334
comment would donate for an asylum for all these wei ishate 833333 name 223 dtype object;0.8333333333333334
comment wonder why they didn throw the fire booms ishate 833333 name 224 dtype object;0.8333333333333334
comment wish hiv to your butthole male whore ishate 833333 name 225 dtype object;0.8333333333333334
comment want everyone else to pay for my education ishate 833333 name 226 dtype object;0.8333333333333334
comment really don like your accent don want ishate 833333 name 227 dtype object;0.8333333333333334
comment love watching this cross believers get kille ishate 833333 name 228 dtype object;0.8333333333333334
comment love deaf people can scream on them and ishate 833333 name 229 dtype object;0.8333333333333334
comment liked macklemore not anymore gays should ishate 833333 name 230 dtype object;0.8333333333333334
comment like dead refugees on my shore ishate 833333 name 231 dtype object;0.8333333333333334
comment don know what mental disorder this kid had ishate 833333 name 232 dtype object;0.8333333333333334
comment don care about your mental illness don ishate 833333 name 233 dtype object;0.8333333333333334
comment do not blame texas trans should be looked do ishate 833333 name 234 dtype object;0.8333333333333334
comment can spot hitler in your blood aren you ishate 833333 name 235 dtype object;0.8333333333333334
comment hopefully the non white parasites will flee to ishate 833333 name 236 dtype object;0.8333333333333334
comment hindus take my ass please ishate 833333 name 237 dtype object;0.8333333333333334
comment hey sweden do you remember back in time when ishate 833333 name 238 dtype object;0.8333333333333334
comment he is the weirdest autistic ve seen in my life ishate 833333 name 239 dtype object;0.8333333333333334
comment he is right islam is indeed very pissful ishate 833333 name 240 dtype object;0.8333333333333334
comment hating this church was catholic one right ishate 833333 name 241 dtype object;0.8333333333333334
comment hahahahahahahahaha europ fuck you fucking nazis ishate 833333 name 242 dtype object;0.8333333333333334
comment gays was never african and never will be sick ishate 833333 name 243 dtype object;0.8333333333333334
comment gas yourself you aussies are all retarded ishate 833333 name 244 dtype object;0.8333333333333334
comment fucking nigger go back to africa ishate 833333 name 245 dtype object;0.8333333333333334
comment fucking canada stupid think the cold shri ishate 833333 name 246 dtype object;0.8333333333333334
comment fuck this faggot he is the disrespecting idiot ishate 833333 name 247 dtype object;0.8333333333333334
comment fuck that shit this bitch ugly and she has ishate 833333 name 248 dtype object;0.8333333333333334
comment fuck sweden let it die like the degenerates ishate 833333 name 249 dtype object;0.8333333333333334
comment feminist deserve to be miserable what kind of ishate 833333 name 250 dtype object;0.8333333333333334
comment feminism is very terrible disease ishate 833333 name 251 dtype object;0.8333333333333334
comment fck serbije kill them all ishate 833333 name 252 dtype object;0.8333333333333334
comment fat bitch she need that black cucumber up ishate 833333 name 253 dtype object;0.8333333333333334
comment down syndrome problematic people must be dead ishate 833333 name 254 dtype object;0.8333333333333334
comment do not live where you re not wanted deport jew ishate 833333 name 255 dtype object;0.8333333333333334
comment do not hit women just fuck them and make them ishate 833333 name 256 dtype object;0.8333333333333334
comment do lesbians know what bra is it is always th ishate 833333 name 257 dtype object;0.8333333333333334
comment disabled kids are annoying and not cute ishate 833333 name 258 dtype object;0.8333333333333334
comment deport these cunt asians ishate 833333 name 259 dtype object;0.8333333333333334
comment dalit is this name of religion or an atom ishate 833333 name 260 dtype object;0.8333333333333334
comment crazy fat religious bitch get out of your bro ishate 833333 name 261 dtype object;0.8333333333333334
comment christians can get crazy religious and get ishate 833333 name 262 dtype object;0.8333333333333334
comment chinky filthy guy get out of us get out of ishate 833333 name 263 dtype object;0.8333333333333334
comment but women are not people so it is fine ishate 833333 name 264 dtype object;0.8333333333333334
comment bulgars are indo europeans turks are not you ishate 833333 name 265 dtype object;0.8333333333333334
comment buddhism and its people reminds off cows ishate 833333 name 266 dtype object;0.8333333333333334
comment black people are the most racist people ever ishate 833333 name 267 dtype object;0.8333333333333334
comment beware lbgq community shari law is coming you ishate 833333 name 268 dtype object;0.8333333333333334
comment beat that tranny ass ishate 833333 name 269 dtype object;0.8333333333333334
comment aren you ashamed about your body colour ishate 833333 name 270 dtype object;0.8333333333333334
comment are you mentally handicapped or this is your ishate 833333 name 271 dtype object;0.8333333333333334
comment apparently east asians commit less crime than ishate 833333 name 272 dtype object;0.8333333333333334
comment anyone who listens to rap and is white is not ishate 833333 name 273 dtype object;0.8333333333333334
comment all know is the lgbt are human but hope to ishate 833333 name 274 dtype object;0.8333333333333334
comment after traumatic brain injury turned gay don ishate 833333 name 275 dtype object;0.8333333333333334
comment abortion is solution for autism ishate 833333 name 276 dtype object;0.8333333333333334
comment solution to the american illegal immigrant probl ishate 833333 name 277 dtype object;0.8333333333333334
comment stopping illegal immigration should have been ishate 821429 name 278 dtype object;0.8214285714285714
comment wow this guy talks like retard hahahahahah ishate 75 name 279 dtype object;0.75
comment with no legs you are just bag of meat in you ishate 75 name 280 dtype object;0.75
comment why are niggers superior athletically to all ishate 75 name 281 dtype object;0.75
comment those black people are fucking pale ishate 75 name 282 dtype object;0.75
comment this channel is more dangerous than islam ishate 75 name 283 dtype object;0.75
comment they hate dogs women gays christians jews ishate 75 name 284 dtype object;0.75
comment waitresses are cunts ishate 722222 name 285 dtype object;0.7222222222222222
comment roses are red your sweatshirt is blue when ishate 678571 name 286 dtype object;0.6785714285714286
comment you really think that european people will lik ishate 666667 name 287 dtype object;0.6666666666666666
comment wish you cut your veins don shout out you ishate 666667 name 288 dtype object;0.6666666666666666
comment why the hell is this norwegian speaking about ishate 666667 name 289 dtype object;0.6666666666666666
comment why do not they just use handicapped restrooms ishate 666667 name 290 dtype object;0.6666666666666666
comment when you came into my country you knew you are ishate 666667 name 291 dtype object;0.6666666666666666
comment when see men running with those plastic legs ishate 666667 name 292 dtype object;0.6666666666666666
comment what about to shove your crutch to your ass ishate 666667 name 293 dtype object;0.6666666666666666
comment well france is finally shithole this is what ishate 666667 name 294 dtype object;0.6666666666666666
comment we have to take our power back as the superior ishate 666667 name 295 dtype object;0.6666666666666666
comment try to talk to me about your senseless inane ishate 666667 name 296 dtype object;0.6666666666666666
comment those deaf people are like rats in dark places ishate 666667 name 297 dtype object;0.6666666666666666
comment this muslim with his pumped up hood better run ishate 666667 name 298 dtype object;0.6666666666666666
comment this is what happens when you re bitch and ishate 666667 name 299 dtype object;0.6666666666666666
comment this is if ever seen girlyman like ishate 666667 name 300 dtype object;0.6666666666666666
comment this is just crazy liberal satanic crap do not ishate 666667 name 301 dtype object;0.6666666666666666
comment the whites have dislike the documentary becaus ishate 666667 name 302 dtype object;0.6666666666666666
comment the brother is speaking the truth based on fac ishate 666667 name 303 dtype object;0.6666666666666666
comment that is what we should do here in us survey ishate 666667 name 304 dtype object;0.6666666666666666
comment that skin colour is the funniest one in combin ishate 666667 name 305 dtype object;0.6666666666666666
comment sorry unlike germany do not incinerate the ishate 666667 name 306 dtype object;0.6666666666666666
comment she then suggests that the men who commented ishate 666667 name 307 dtype object;0.6666666666666666
comment or maybe just do not follow degenerate sandnigg ishate 666667 name 308 dtype object;0.6666666666666666
comment one needs to do pareto analysis 90 95 percent of ishate 666667 name 309 dtype object;0.6666666666666666
comment now lgbt is okay in islam go to get killed ishate 666667 name 310 dtype object;0.6666666666666666
comment no counting when hispanics get probation if th ishate 666667 name 311 dtype object;0.6666666666666666
comment lowlife black animals ishate 666667 name 312 dtype object;0.6666666666666666
comment lesbians cant do math fucking mood lmao ishate 666667 name 313 dtype object;0.6666666666666666
comment kill those pig eaters fuck those americunts se ishate 666667 name 314 dtype object;0.6666666666666666
comment just nuke the entire shi hole country ishate 666667 name 315 dtype object;0.6666666666666666
comment jewish terrorist are killing innocent palastin ishate 666667 name 316 dtype object;0.6666666666666666
comment islam is religion of peace and we wi ishate 666667 name 317 dtype object;0.6666666666666666
comment would get my money back if were you your sex ishate 666667 name 318 dtype object;0.6666666666666666
comment wouldn like this girl as police officer ishate 666667 name 319 dtype object;0.6666666666666666
comment would smack them also but be homophobi ishate 666667 name 320 dtype object;0.6666666666666666
comment would pull you over for your race if was ishate 666667 name 321 dtype object;0.6666666666666666
comment would love to watch tearing apart every chri ishate 666667 name 322 dtype object;0.6666666666666666
comment won let your allah fuck my life convert ishate 666667 name 323 dtype object;0.6666666666666666
comment visited melbourne from los angeles the first ishate 666667 name 324 dtype object;0.6666666666666666
comment thought that big reason why it had to be ishate 666667 name 325 dtype object;0.6666666666666666
comment thought kids with down syndrome were not acc ishate 666667 name 326 dtype object;0.6666666666666666
comment think brown black or dark skinned people do ishate 666667 name 327 dtype object;0.6666666666666666
comment regret approaching that girl fuck our gynoc ishate 666667 name 328 dtype object;0.6666666666666666
comment mean it is great that you are proving that asi ishate 666667 name 329 dtype object;0.6666666666666666
comment like big thick bitches to serve me my cockta ishate 666667 name 330 dtype object;0.6666666666666666
comment honestly hate china can disagree but afte ishate 666667 name 331 dtype object;0.6666666666666666
comment feel like in an ai apocalypse the ai would ishate 666667 name 332 dtype object;0.6666666666666666
comment don like this gender at all definitely ishate 666667 name 333 dtype object;0.6666666666666666
comment don like jew soap but if we are to get ri ishate 666667 name 334 dtype object;0.6666666666666666
comment do not care if he is black white green or purp ishate 666667 name 335 dtype object;0.6666666666666666
comment dare you to choke her next time every one ishate 666667 name 336 dtype object;0.6666666666666666
comment how does these frikin faggots get whole mont ishate 666667 name 337 dtype object;0.6666666666666666
comment honestly go fuck yourself bitch ishate 666667 name 338 dtype object;0.6666666666666666
comment he did the american great service of killing them ishate 666667 name 339 dtype object;0.6666666666666666
comment glad they beat his open ass ishate 666667 name 340 dtype object;0.6666666666666666
comment fucking idiots keep them out they change the ishate 666667 name 341 dtype object;0.6666666666666666
comment fuck that homo dumb ass prick shoulda let hi ishate 666667 name 342 dtype object;0.6666666666666666
comment filthy chinese ishate 666667 name 343 dtype object;0.6666666666666666
comment fat lesbians ishate 666667 name 344 dtype object;0.6666666666666666
comment every girl on this planet curses her mother fo ishate 666667 name 345 dtype object;0.6666666666666666
comment even when at the income advantage niggers sti ishate 666667 name 346 dtype object;0.6666666666666666
comment dude don talk about your sex nowadays it is ishate 666667 name 347 dtype object;0.6666666666666666
comment dexpraxia my ass girl cheap excuses to be laz ishate 666667 name 348 dtype object;0.6666666666666666
comment come out of the closet we know you are in ther ishate 666667 name 349 dtype object;0.6666666666666666
comment being blind would make me want suicide go kil ishate 666667 name 350 dtype object;0.6666666666666666
comment asians reminds me the world slavery or servitude ishate 666667 name 351 dtype object;0.6666666666666666
comment arrest that fat ass bitch ishate 666667 name 352 dtype object;0.6666666666666666
comment are you sure you are girl that wig on your ishate 666667 name 353 dtype object;0.6666666666666666
comment all that effort to not look like those other ishate 666667 name 354 dtype object;0.6666666666666666
comment gay nigger however can fake hate crime fo ishate 666667 name 355 dtype object;0.6666666666666666
comment the superior race but cannot stand in the ishate 666667 name 356 dtype object;0.6666666666666666
comment build that wall deport them all ishate 603448 name 357 dtype object;0.603448275862069
comment terrorists are not islamic they are sa ishate 530612 name 358 dtype object;0.5306122448979592
comment you shoulda let him die ishate name 359 dtype object;0.5
comment wow feminists are real hypocrites so it ok ishate name 360 dtype object;0.5
comment why researchers invest their time on better wh ishate name 361 dtype object;0.5
comment whites smoke to much ciggssss and drugs shot ishate name 362 dtype object;0.5
comment what imaginary gender are you ishate name 363 dtype object;0.5
comment well thinks it ok to turn female to male bec ishate name 364 dtype object;0.5
comment two things are apparent one not male and ishate name 365 dtype object;0.5
comment this man is an inspiration has killed 900 peo ishate name 366 dtype object;0.5
comment this is why indian subs should only count ishate name 367 dtype object;0.5
comment they have the right to get there ass kicked al ishate name 368 dtype object;0.5
comment they are laughing and their countries are poor ishate name 369 dtype object;0.5
comment these dogs lie through their teeth so that the ishate name 370 dtype object;0.5
comment there was protest today in birmingham agains ishate name 371 dtype object;0.5
comment the worst nightmare for people of paris europ ishate name 372 dtype object;0.5
comment the world before white people word letter ishate name 373 dtype object;0.5
comment the problem with islam is that they think they ishate name 374 dtype object;0.5
comment the older hispanic woman shouldn have been ishate name 375 dtype object;0.5
comment the male gene is stronger as it should be of ishate name 376 dtype object;0.5
comment the fat bitches are annoying as hell ishate name 377 dtype object;0.5
comment the best we thing we can do is sterilize these ishate name 378 dtype object;0.5
comment that whore has better eyelashes than any other ishate name 379 dtype object;0.5
comment that punch turned that immigrants jaw directio ishate name 380 dtype object;0.5
comment syria has religion problem ishate name 381 dtype object;0.5
comment slow death to people like you ishate name 382 dtype object;0.5
comment seriously any arab or turks have ever met had ishate name 383 dtype object;0.5
comment put woman to abuse that fat woman and don ishate name 384 dtype object;0.5
comment perfect place for lana china and myanmar no ishate name 385 dtype object;0.5
comment pale cancer back to your west pacific ocean ishate name 386 dtype object;0.5
comment only legal immigrants like the hero officer ishate name 387 dtype object;0.5
comment on todays episode of guess that gender ishate name 388 dtype object;0.5
comment oh god yes feel the shrapnel pierce throug ishate name 389 dtype object;0.5
comment most americans are nazis or kkk members so the ishate name 390 dtype object;0.5
comment magnificient contrary to what the media repor ishate name 391 dtype object;0.5
comment lmao while watching this church burn ishate name 392 dtype object;0.5
comment killing me to see gays treated like that th ishate name 393 dtype object;0.5
comment just little work on the eyebrows and you cou ishate name 394 dtype object;0.5
comment it is so sick and sad that young people will th ishate name 395 dtype object;0.5
comment is that your nose or is that thor hammer ishate name 396 dtype object;0.5
comment in my dream wished you have died do not call ishate name 397 dtype object;0.5
comment ill vote for you if you forbid people that can ishate name 398 dtype object;0.5
comment if only there was way to get children withou ishate name 399 dtype object;0.5
comment idiots as always religion is the most stupid ishate name 400 dtype object;0.5
comment would beat the shit out of every russian ishate name 401 dtype object;0.5
comment notice that the lgbt cancer is starting to ishate name 402 dtype object;0.5
comment hate being man wish was lady and no ishate name 403 dtype object;0.5
comment guess god is white ishate name 404 dtype object;0.5
comment did not know future gay gym teachers had to ishate name 405 dtype object;0.5
comment can stand feminist like men being manly ishate name 406 dtype object;0.5
comment humans with third leg hope to distinct soon ishate name 407 dtype object;0.5
comment how is it to have kid acting like sloth or ishate name 408 dtype object;0.5
comment how can europe allow millions of rapists anima ishate name 409 dtype object;0.5
comment how can anyone be converted forcebly what pro ishate name 410 dtype object;0.5
comment hope they knock her ass to the ground and rip ishate name 411 dtype object;0.5
comment hello am calling from tech support with indi ishate name 412 dtype object;0.5
comment go bleach yourself black pussy doll and then ishate name 413 dtype object;0.5
comment generally speaking most women are lazy and wo ishate name 414 dtype object;0.5
comment fucking slut deserved it ishate name 415 dtype object;0.5
comment fuck freaking church brought together people ishate name 416 dtype object;0.5
comment france let them refugees in and this what happ ishate name 417 dtype object;0.5
"comment every female dominated job low skill; minimal ishate name 418 dtype object";0.5
comment easter is the most silly holiday ever existed ishate name 419 dtype object;0.5
comment do the world favor and pour some bleach into ishate name 420 dtype object;0.5
comment disgusting sick queer kill yourself ishate name 421 dtype object;0.5
comment disability centres all around the world that ishate name 422 dtype object;0.5
comment come and kill my wife ishate name 423 dtype object;0.5
comment catholicism is the beast that comes out of dan ishate name 424 dtype object;0.5
comment by calling period natural procedure as an ishate name 425 dtype object;0.5
comment believe me whites are superior in every way ishate name 426 dtype object;0.5
comment anti lgbt people how sad and ignorant can ishate name 427 dtype object;0.5
comment all people are fucked up because of these quee ishate name 428 dtype object;0.5
comment actually this weird people are harmful they ishate name 429 dtype object;0.5
comment abu da bi aba du ba ba hamud see an arab ishate name 430 dtype object;0.5
comment homo so you fuck your brother instead of yo ishate name 431 dtype object;0.5
comment they will be chased out of every white ishate name 432 dtype object;0.5
comment men and women are not equal irrational contr ishate name 433 dtype object;0.4
comment am very sad about this fucking situation with ishate name 434 dtype object;0.4
comment you look like someone who would do an electric ishate 333333 name 435 dtype object;0.3333333333333333
comment you can ask me to call you male but you will ishate 333333 name 436 dtype object;0.3333333333333333
comment yo if going to hell for being homosexual ishate 333333 name 437 dtype object;0.3333333333333333
comment why are people so dumb the police were yellin ishate 333333 name 438 dtype object;0.3333333333333333
comment white police officers are always the victims ishate 333333 name 439 dtype object;0.3333333333333333
comment what the fuck is this disgusting abs ishate 333333 name 440 dtype object;0.3333333333333333
comment well congratulations loose one of ur subscr ishate 333333 name 441 dtype object;0.3333333333333333
comment we need to exterminate people that subject chi ishate 333333 name 442 dtype object;0.3333333333333333
comment we are repeating our past before it used to ge ishate 333333 name 443 dtype object;0.3333333333333333
comment trumps liar and an idiot douche bag nar ishate 333333 name 444 dtype object;0.3333333333333333
comment those illegals want to sue the company for mon ishate 333333 name 445 dtype object;0.3333333333333333
comment this women has to be some sort of psychopath ishate 333333 name 446 dtype object;0.3333333333333333
comment this people are treating women like dogs ishate 333333 name 447 dtype object;0.3333333333333333
comment this fuckhead makes me ashamed of being jewish ishate 333333 name 448 dtype object;0.3333333333333333
comment this cop had to get him under arrest for walki ishate 333333 name 449 dtype object;0.3333333333333333
comment they ll get to know homosexuality anyways ishate 333333 name 450 dtype object;0.3333333333333333
comment there nowhere in the world where woman are ishate 333333 name 451 dtype object;0.3333333333333333
comment there was one facility opened in the american to pro ishate 333333 name 452 dtype object;0.3333333333333333
comment there is more history of men hitting women wit ishate 333333 name 453 dtype object;0.3333333333333333
comment there are the most evil realigion than cristia ishate 333333 name 454 dtype object;0.3333333333333333
comment the wheelchaired woman was actually scary ishate 333333 name 455 dtype object;0.3333333333333333
comment the safest most civilised society in the world ishate 333333 name 456 dtype object;0.3333333333333333
comment the rotten nasty bastards ishate 333333 name 457 dtype object;0.3333333333333333
comment the next time like up in front of one like ishate 333333 name 458 dtype object;0.3333333333333333
comment thanks god at least you have music to pale the ishate 333333 name 459 dtype object;0.3333333333333333
comment sorry but black americans are more in danger ishate 333333 name 460 dtype object;0.3333333333333333
comment something hate about being bisexual people ishate 333333 name 461 dtype object;0.3333333333333333
comment should have been sterilised upon arrival now ishate 333333 name 462 dtype object;0.3333333333333333
comment she said she is crazy loving her god well she ishate 333333 name 463 dtype object;0.3333333333333333
comment send em home in metal crate they are on prob ishate 333333 name 464 dtype object;0.3333333333333333
comment poor women ishate 333333 name 465 dtype object;0.3333333333333333
comment people with barbaric cultures and desert relig ishate 333333 name 466 dtype object;0.3333333333333333
comment people who say yaaaassss queen should be ste ishate 333333 name 467 dtype object;0.3333333333333333
comment people changing their genders left and right ishate 333333 name 468 dtype object;0.3333333333333333
comment people are genuinely good we just learned to ishate 333333 name 469 dtype object;0.3333333333333333
comment now where are the feminists accusing of woman ishate 333333 name 470 dtype object;0.3333333333333333
comment now the sea is filled with disgusting dead fil ishate 333333 name 471 dtype object;0.3333333333333333
comment michael jackson sick man and sick fans ishate 333333 name 472 dtype object;0.3333333333333333
comment love is love god excepts everyone and when ishate 333333 name 473 dtype object;0.3333333333333333
comment lol am korean and most of the koreans know ishate 333333 name 474 dtype object;0.3333333333333333
comment lesbian chewbacca ishate 333333 name 475 dtype object;0.3333333333333333
comment just shoot her one less of them to have to de ishate 333333 name 476 dtype object;0.3333333333333333
comment it not genderless they just look like girls ishate 333333 name 477 dtype object;0.3333333333333333
comment isn it awkward that only women work on publi ishate 333333 name 478 dtype object;0.3333333333333333
comment is this guy actually autistic or is he faking it ishate 333333 name 479 dtype object;0.3333333333333333
comment in that case we should hire more women becaus ishate 333333 name 480 dtype object;0.3333333333333333
comment if you are not masculine then you are woman dude ishate 333333 name 481 dtype object;0.3333333333333333
comment if you are fking queen you can move in any ishate 333333 name 482 dtype object;0.3333333333333333
comment if white people are gone from this earth we ishate 333333 name 483 dtype object;0.3333333333333333
comment if these men come to norway to seek liberty an ishate 333333 name 484 dtype object;0.3333333333333333
comment if god hates lgbt members so much than why did ishate 333333 name 485 dtype object;0.3333333333333333
comment id beat the fuck out of his ass if he wasnt an ishate 333333 name 486 dtype object;0.3333333333333333
comment sure this woman widows to have aborted thi ishate 333333 name 487 dtype object;0.3333333333333333
comment will take feminists seriously when they start ishate 333333 name 488 dtype object;0.3333333333333333
comment would love to destroy him but am in more need ishate 333333 name 489 dtype object;0.3333333333333333
comment propose suicide for evert politician ishate 333333 name 490 dtype object;0.3333333333333333
comment don hate those kids with these problems ishate 333333 name 491 dtype object;0.3333333333333333
comment am white and go to school whare it is mo ishate 333333 name 492 dtype object;0.3333333333333333
comment humiliating this str8 guy str8 guys like him ishate 333333 name 493 dtype object;0.3333333333333333
comment how the fuck do you have million subscribers ishate 333333 name 494 dtype object;0.3333333333333333
comment holy shit kill them all ishate 333333 name 495 dtype object;0.3333333333333333
comment he is complaining his rights are violated well ishate 333333 name 496 dtype object;0.3333333333333333
comment fuck him and his prophet ishate 333333 name 497 dtype object;0.3333333333333333
comment fat bastard we won forget you vets will kick ishate 333333 name 498 dtype object;0.3333333333333333
comment faggot you are probably fatass too ishate 333333 name 499 dtype object;0.3333333333333333
comment deport him in military aircraft and dump him ishate 333333 name 500 dtype object;0.3333333333333333
comment congratulations you figured out you were mo ishate 333333 name 501 dtype object;0.3333333333333333
comment citronella is great venezuelan repellent ishate 333333 name 502 dtype object;0.3333333333333333
comment brown people love white countries ishate 333333 name 503 dtype object;0.3333333333333333
comment bro just delete yo shit off youtube rn fuck ishate 333333 name 504 dtype object;0.3333333333333333
comment as black person think that rappers should ishate 333333 name 505 dtype object;0.3333333333333333
comment anyone who can cope as the gender they are bo ishate 333333 name 506 dtype object;0.3333333333333333
comment anxiety is is the definition of human meme ishate 333333 name 507 dtype object;0.3333333333333333
comment all those dislikes are from fucking homophopes ishate 333333 name 508 dtype object;0.3333333333333333
comment all theses people talking about nigeria since ishate 333333 name 509 dtype object;0.3333333333333333
comment all these problems men have and no one will ishate 333333 name 510 dtype object;0.3333333333333333
comment all asian people look identical to this one ishate 333333 name 511 dtype object;0.3333333333333333
comment everyone wins yeah except for the little ishate 333333 name 512 dtype object;0.3333333333333333
comment sorry that was born as an indian ishate 333333 name 513 dtype object;0.3333333333333333
comment support trans people rights to be free of ishate 333333 name 514 dtype object;0.3333333333333333
comment with her nose she can detect an immigration of ishate 302326 name 515 dtype object;0.3023255813953488
comment you should be allowed to be gay you should als ishate 296875 name 516 dtype object;0.296875
comment you said he but still not convinced this is ishate 25 name 517 dtype object;0.25
comment wow does ur mom know how gay are ishate 25 name 518 dtype object;0.25
comment women cannot create children only men can do ishate 25 name 519 dtype object;0.25
comment what the fuck stupid people ishate 25 name 520 dtype object;0.25
comment this the type of dude you see on chat roulette ishate 25 name 521 dtype object;0.25
comment they should have beat his ass he deserves it ishate 25 name 522 dtype object;0.25
comment do not see why we do not just create transge ishate name 523 dtype object;0.2
comment you guys fell so bad hope this don happ ishate 166667 name 524 dtype object;0.1666666666666666
comment you cannot take my gun from home my gun is my ishate 166667 name 525 dtype object;0.1666666666666666
comment you are fat and ugly suppose that makes you ishate 166667 name 526 dtype object;0.1666666666666666
comment yet there is vastly more money spent on breast ishate 166667 name 527 dtype object;0.1666666666666666
comment why are you still on the air shit ishate 166667 name 528 dtype object;0.1666666666666666
comment what would the abuser doing to her around the ishate 166667 name 529 dtype object;0.1666666666666666
comment well this is like exactly how feel except ishate 166667 name 530 dtype object;0.1666666666666666
comment we hate our leaders learn from eropeans and ishate 166667 name 531 dtype object;0.1666666666666666
comment we are proud to be an indian muslim ishate 166667 name 532 dtype object;0.1666666666666666
comment to the lady that can barely speak english and ishate 166667 name 533 dtype object;0.1666666666666666
comment this is probably the first time ve seen some ishate 166667 name 534 dtype object;0.1666666666666666
comment they don clean up the rubbish that they al ishate 166667 name 535 dtype object;0.1666666666666666
comment they are violent fucking savages what the fuck ishate 166667 name 536 dtype object;0.1666666666666666
comment these people do not represent islam ishate 166667 name 537 dtype object;0.1666666666666666
comment these girls are so pretty seriously being aut ishate 166667 name 538 dtype object;0.1666666666666666
comment there are no traditional german values german ishate 166667 name 539 dtype object;0.1666666666666666
comment the resistance avenge women and children kille ishate 166667 name 540 dtype object;0.1666666666666666
comment the only thing that annoys me is noisy neighbo ishate 166667 name 541 dtype object;0.1666666666666666
comment the mountain is near the black sea no wonder ishate 166667 name 542 dtype object;0.1666666666666666
comment the lady on sitting on the left with the yell ishate 166667 name 543 dtype object;0.1666666666666666
comment the girl in glasses is so freaking cute what ishate 166667 name 544 dtype object;0.1666666666666666
comment the fear of approaching girl while not being ishate 166667 name 545 dtype object;0.1666666666666666
comment the fact that shes only representing black liv ishate 166667 name 546 dtype object;0.1666666666666666
comment that wrong even though they disagree with ishate 166667 name 547 dtype object;0.1666666666666666
comment that was scripted right please let that be sc ishate 166667 name 548 dtype object;0.1666666666666666
comment that is lot of really dumb people in one roo ishate 166667 name 549 dtype object;0.1666666666666666
comment that girl who pushed her needs to pay personal ishate 166667 name 550 dtype object;0.1666666666666666
comment thank you john for sharing this experience wi ishate 166667 name 551 dtype object;0.1666666666666666
comment tell me where to ship this comfy electric chai ishate 166667 name 552 dtype object;0.1666666666666666
comment syria war is over they can go back its safe now ishate 166667 name 553 dtype object;0.1666666666666666
comment stupid dumb ass ishate 166667 name 554 dtype object;0.1666666666666666
comment stop putting this in my recommend wtf am not gay ishate 166667 name 555 dtype object;0.1666666666666666
comment so in other words women rights are freedom ishate 166667 name 556 dtype object;0.1666666666666666
comment so proud of you mom wish allah give you stron ishate 166667 name 557 dtype object;0.1666666666666666
comment so can put wig and run with girls ishate 166667 name 558 dtype object;0.1666666666666666
comment sink the boats after that not our problem ishate 166667 name 559 dtype object;0.1666666666666666
comment should ve set bug bomb off and locked th ishate 166667 name 560 dtype object;0.1666666666666666
comment seen the way the israelis treat the palestinia ishate 166667 name 561 dtype object;0.1666666666666666
comment racism and nationalism is nothing but ignoranc ishate 166667 name 562 dtype object;0.1666666666666666
comment people with autism is so nice ishate 166667 name 563 dtype object;0.1666666666666666
comment people get views of religion from other peop ishate 166667 name 564 dtype object;0.1666666666666666
comment our home grown animals are infinitely preferable ishate 166667 name 565 dtype object;0.1666666666666666
comment one people one nation end migration ishate 166667 name 566 dtype object;0.1666666666666666
comment ok so where the hell this terrorist get guns ishate 166667 name 567 dtype object;0.1666666666666666
comment oh believe that 13 reasons why romanticises ishate 166667 name 568 dtype object;0.1666666666666666
comment not true in saudia arabia women have freedom ishate 166667 name 569 dtype object;0.1666666666666666
comment my parents are homophobes ishate 166667 name 570 dtype object;0.1666666666666666
comment my god the cancer is spreading ishate 166667 name 571 dtype object;0.1666666666666666
comment let kids be kids for fucks sake ishate 166667 name 572 dtype object;0.1666666666666666
comment it is that nerdy guy from the polar express ishate 166667 name 573 dtype object;0.1666666666666666
comment it is simple ask person if they are asian if ishate 166667 name 574 dtype object;0.1666666666666666
comment it is killing me seeing gays treated like that ishate 166667 name 575 dtype object;0.1666666666666666
comment islam and christianity have mixed for centurie ishate 166667 name 576 dtype object;0.1666666666666666
comment in the american that same game was called ten little ishate 166667 name 577 dtype object;0.1666666666666666
comment im gay and fucking proud fuck bitches like the ishate 166667 name 578 dtype object;0.1666666666666666
comment im bisexual but im not looking to hook up with ishate 166667 name 579 dtype object;0.1666666666666666
comment if your face was used on the inside of jack ishate 166667 name 580 dtype object;0.1666666666666666
comment if you had winnie even tinnie and flat che ishate 166667 name 581 dtype object;0.1666666666666666
comment if it takes you year of interviewing to come ishate 166667 name 582 dtype object;0.1666666666666666
comment beginning to doubt your accuracy mean ishate 166667 name 583 dtype object;0.1666666666666666
comment am an asian immigrant who came to the states ishate 166667 name 584 dtype object;0.1666666666666666
comment would prefer phallic world ishate 166667 name 585 dtype object;0.1666666666666666
comment would fucking kill jared leto ishate 166667 name 586 dtype object;0.1666666666666666
comment think mental illness was romanticized for ishate 166667 name 587 dtype object;0.1666666666666666
comment see the depression caused her to gain more ishate 166667 name 588 dtype object;0.1666666666666666
comment read the title and immediately was ready to ishate 166667 name 589 dtype object;0.1666666666666666
comment like this lady seems like role model for ishate 166667 name 590 dtype object;0.1666666666666666
comment hate white flour and white sugar are two of ishate 166667 name 591 dtype object;0.1666666666666666
comment get out the closet this weekend to some frie ishate 166667 name 592 dtype object;0.1666666666666666
comment can totally relate to this and it actually ishate 166667 name 593 dtype object;0.1666666666666666
comment huh kids like this with crazy eyes and weird ishate 166667 name 594 dtype object;0.1666666666666666
comment hit did not hit her she hit first and this is ishate 166667 name 595 dtype object;0.1666666666666666
comment head looks like big ass jelly bean ishate 166667 name 596 dtype object;0.1666666666666666
comment he shot the kid he shot the effin kid ishate 166667 name 597 dtype object;0.1666666666666666
comment he may be in wheelchair but he is not at all ishate 166667 name 598 dtype object;0.1666666666666666
comment he had valid point if your obese do not go ishate 166667 name 599 dtype object;0.1666666666666666
comment handsome woman eww ishate 166667 name 600 dtype object;0.1666666666666666
comment guy is low iq af ishate 166667 name 601 dtype object;0.1666666666666666
comment gun shot ina yu head no mercy ishate 166667 name 602 dtype object;0.1666666666666666
comment glenn is the type of korean dude fucking ishate 166667 name 603 dtype object;0.1666666666666666
comment get proper translators idiot he didn say that ishate 166667 name 604 dtype object;0.1666666666666666
comment germans need to quit blaming themselves for th ishate 166667 name 605 dtype object;0.1666666666666666
comment fuck off corbyn die or retire ishate 166667 name 606 dtype object;0.1666666666666666
comment for the song thing white but ll say the ishate 166667 name 607 dtype object;0.1666666666666666
comment feminism and islam are of the same spirit ishate 166667 name 608 dtype object;0.1666666666666666
comment every time that blonde lady talks loose twen ishate 166667 name 609 dtype object;0.1666666666666666
comment even after just getting out of surgery you loo ishate 166667 name 610 dtype object;0.1666666666666666
comment does your little sister know you are wearing ishate 166667 name 611 dtype object;0.1666666666666666
comment do people even care about the color of the per ishate 166667 name 612 dtype object;0.1666666666666666
comment do not kill people ishate 166667 name 613 dtype object;0.1666666666666666
comment didn know shitted coloured like you could talk ishate 166667 name 614 dtype object;0.1666666666666666
comment did you use the tan or dark filter ishate 166667 name 615 dtype object;0.1666666666666666
comment dessert human garbage coming to eurabia ishate 166667 name 616 dtype object;0.1666666666666666
comment deport the fucking brainless worthless pieces ishate 166667 name 617 dtype object;0.1666666666666666
comment christianity and mostly every religion was tol ishate 166667 name 618 dtype object;0.1666666666666666
comment call that the caitlyn jenner syndrome ishate 166667 name 619 dtype object;0.1666666666666666
comment black women are strong as hell ishate 166667 name 620 dtype object;0.1666666666666666
comment beautiful pink dress your skin is so beautifu ishate 166667 name 621 dtype object;0.1666666666666666
comment bl bla blac black or wh whi white ishate 166667 name 622 dtype object;0.1666666666666666
comment as someone who professionally diagnosed with ishate 166667 name 623 dtype object;0.1666666666666666
comment anyone who believes in religion blindly lacks ishate 166667 name 624 dtype object;0.1666666666666666
comment and that is how black people can be peaceful ishate 166667 name 625 dtype object;0.1666666666666666
comment all people are brothers and sisters in humanit ishate 166667 name 626 dtype object;0.1666666666666666
comment after using them as slaves for 100s of years ishate 166667 name 627 dtype object;0.1666666666666666
comment aaah its the mother fault you guys dont know ishate 166667 name 628 dtype object;0.1666666666666666
comment am not jewish enemy ishate 166667 name 629 dtype object;0.1666666666666666
comment sons of bitches ishate 160714 name 630 dtype object;0.1607142857142857
comment how about you get real with your fake fucking ishate 152542 name 631 dtype object;0.1525423728813559
comment who was responsible for convincing these girls ishate 111111 name 632 dtype object;0.1111111111111111
comment go fucking kill yourself and die already usele ishate 103448 name 633 dtype object;0.1034482758620689
comment they are all fucking assholes ishate 090909 name 634 dtype object;0.0909090909090909
comment incoming racist people ishate 038961 name 635 dtype object;0.0389610389610389
comment during war discrimination is military necess ishate 037736 name 636 dtype object;0.0377358490566037
comment drink bleach ishate 031746 name 637 dtype object;0.0317460317460317
comment ive been trying to figure out which common ame ishate 030303 name 638 dtype object;0.0303030303030303
comment if they hide in the engine they would get kill ishate 029851 name 639 dtype object;0.0298507462686567
comment jon snow the king in the north thank you for ishate 026316 name 640 dtype object;0.0263157894736842
comment your life is not that wonderful that room tell ishate 018868 name 641 dtype object;0.0188679245283018
comment you make me wanna hit the gym thicker than ishate 018868 name 642 dtype object;0.0188679245283018
comment only people to come in must be able to contrib ishate 016393 name 643 dtype object;0.0163934426229508
comment you should use your time to arrest murderers ishate name 644 dtype object;0.0
comment you should talk with people of different races ishate name 645 dtype object;0.0
comment you look like you kill bees for fun ishate name 646 dtype object;0.0
comment you look like harry potter if he stayed under ishate name 647 dtype object;0.0
comment you look kinda dead inside you parents must ishate name 648 dtype object;0.0
comment you have the grace and composure of rabid hyena ishate name 649 dtype object;0.0
comment you deserve way more subscribers the shit yo ishate name 650 dtype object;0.0
comment you can see the country is fertile and green ishate name 651 dtype object;0.0
comment you are great brother to abbie that family ishate name 652 dtype object;0.0
comment you are brave man for letting them ishate name 653 dtype object;0.0
comment you all should listen to bill warner phd ishate name 654 dtype object;0.0
comment wtf this teacher should be expelled that is no ishate name 655 dtype object;0.0
comment wtf thought you had only one sibling ishate name 656 dtype object;0.0
comment wow for some reason clicked on this coul ishate name 657 dtype object;0.0
comment wow why are these comments soo cruel and peopl ishate name 658 dtype object;0.0
comment wow this voice and reading is the best thing ishate name 659 dtype object;0.0
comment women are equally as strong as men they sh ishate name 660 dtype object;0.0
comment why the fuck would you ask trump ishate name 661 dtype object;0.0
comment why is it censored why does todays generation ishate name 662 dtype object;0.0
comment why do not they have their own games ishate name 663 dtype object;0.0
comment why am watching this ishate name 664 dtype object;0.0
comment who gives damn we have the ability an the fr ishate name 665 dtype object;0.0
comment who ever disliked this video should be ashamed ishate name 666 dtype object;0.0
comment white chocolate and raspberry ishate name 667 dtype object;0.0
comment when your squad is complete shit in pubg ishate name 668 dtype object;0.0
comment when you find out he has girlfriend ishate name 669 dtype object;0.0
comment when two getting married kid in mind ishate name 670 dtype object;0.0
comment when she said you complete me lost my ishate name 671 dtype object;0.0
comment when pain is relief then something must be ishate name 672 dtype object;0.0
comment when lift your arms do your boobs go awa ishate name 673 dtype object;0.0
comment when was kid was never rough with girls ishate name 674 dtype object;0.0
comment when are people going to stop asking why are ishate name 675 dtype object;0.0
comment when handsome man marries man we are on ishate name 676 dtype object;0.0
comment whats the big deal mexico has immigration laws ishate name 677 dtype object;0.0
comment what type of question it is ishate name 678 dtype object;0.0
comment what happened to rap this right here this ishate name 679 dtype object;0.0
comment what episode number was this ishate name 680 dtype object;0.0
comment what civilized and nice cops ishate name 681 dtype object;0.0
comment what about bombs are you crazy go fuck yours ishate name 682 dtype object;0.0
comment what wonderful angel wife she is sooo beaut ishate name 683 dtype object;0.0
comment what luck girl she is wish was just tha ishate name 684 dtype object;0.0
comment well looks like its time to have another child ishate name 685 dtype object;0.0
comment well this comment sections pretty mental ishate name 686 dtype object;0.0
comment well am an woman and was born in guatemala ishate name 687 dtype object;0.0
comment we will walk right up to the sun hand in hand ishate name 688 dtype object;0.0
comment we were taught as kids to not hit anyone when ishate name 689 dtype object;0.0
comment we are not allowed to roast 12 year olds ishate name 690 dtype object;0.0
comment we are not these bodies we are spirit souls ishate name 691 dtype object;0.0
comment way to go dr peterson you hit the nail on th ishate name 692 dtype object;0.0
comment war is over they should go back home or not ishate name 693 dtype object;0.0
comment wallmart employees are cunts hate them all ishate name 694 dtype object;0.0
comment wait did the tiger get shot ishate name 695 dtype object;0.0
comment video games without cars are awful piece of ishate name 696 dtype object;0.0
comment victimizing yourself doesn help ishate name 697 dtype object;0.0
comment very sad for those people was young boy ishate name 698 dtype object;0.0
comment ugh my heart hurt for her when she was talkin ishate name 699 dtype object;0.0
comment still so beautiful and am still watching ishate name 700 dtype object;0.0
comment trump is racist for not letting this brave wom ishate name 701 dtype object;0.0
comment true heavy metal true feeling ishate name 702 dtype object;0.0
comment transgenders have to protect each other not ishate name 703 dtype object;0.0
comment trace would ask you to rethink the out of ishate name 704 dtype object;0.0
comment to say that black lives matter is not racist ishate name 705 dtype object;0.0
comment to be honest am part of the lgbt community ishate name 706 dtype object;0.0
comment to all the white people that might read this ishate name 707 dtype object;0.0
comment this video was super helpful and just very nic ishate name 708 dtype object;0.0
comment this time the tables have turned ishate name 709 dtype object;0.0
comment this reminds me of me my husband have rhe ishate name 710 dtype object;0.0
comment this literally made my emotional bi ass cry ishate name 711 dtype object;0.0
comment this is my theory on the whole thing was mich ishate name 712 dtype object;0.0
comment this is fake liar bastard he is ur actor ishate name 713 dtype object;0.0
comment this is staged scene there is no license pla ishate name 714 dtype object;0.0
comment this guy gets my nerves am christian ishate name 715 dtype object;0.0
comment this doesn represent mental illness correct ishate name 716 dtype object;0.0
comment this documentary is on point this helped me ishate name 717 dtype object;0.0
comment this actually makes me so angry people are ju ishate name 718 dtype object;0.0
comment they must be really suffering if they are throw ishate name 719 dtype object;0.0
comment they could have shot him in the legs no one ge ishate name 720 dtype object;0.0
comment they are the most calm and patient police ever ishate name 721 dtype object;0.0
comment they are forgetting russell crowe performan ishate name 722 dtype object;0.0
comment these were the days ishate name 723 dtype object;0.0
comment these videos may already feel long but their ishate name 724 dtype object;0.0
comment these boys will then grow up with people makin ishate name 725 dtype object;0.0
comment there not anything to refute because its jus ishate name 726 dtype object;0.0
comment there lot of confusion about male female ishate name 727 dtype object;0.0
comment there is not too little land there is not ineff ishate name 728 dtype object;0.0
comment there are so many errors xd ishate name 729 dtype object;0.0
comment then the same people choosing the same answer ishate name 730 dtype object;0.0
comment the veil of isis is also great song by the ishate name 731 dtype object;0.0
comment the pure misery in these men eyes it heart ishate name 732 dtype object;0.0
comment the problem here is that the people do not list ishate name 733 dtype object;0.0
comment the most peaceful religions came from india li ishate name 734 dtype object;0.0
comment the guy guessing in the wheelchair was so sw ishate name 735 dtype object;0.0
comment the girl in the thumbnail looks badass ishate name 736 dtype object;0.0
comment the girl in the dress reminds me of opal from ishate name 737 dtype object;0.0
comment the eye contact never lies ishate name 738 dtype object;0.0
comment the engagement ring story outrages me more tha ishate name 739 dtype object;0.0
comment the degree of improvement is amazing my fathe ishate name 740 dtype object;0.0
comment the dark cloud is the side of you that you can ishate name 741 dtype object;0.0
comment the blonde lady and the dude in the orange shi ishate name 742 dtype object;0.0
comment the 100 people that disliked this are just sal ishate name 743 dtype object;0.0
comment that is their problem and no one should interfe ishate name 744 dtype object;0.0
comment that is hip hop not the sh they bring toda ishate name 745 dtype object;0.0
comment that is terrible photo to use ishate name 746 dtype object;0.0
comment that song is fucking awesome ishate name 747 dtype object;0.0
comment that is the most beautiful right hook ive seen ishate name 748 dtype object;0.0
comment that hair cut makes you irresistible ishate name 749 dtype object;0.0
comment that guys chin strap bothers me man idk why ishate name 750 dtype object;0.0
comment terrorists are not muslims they are just using ishate name 751 dtype object;0.0
comment terrorism has no religion terrorism is cance ishate name 752 dtype object;0.0
comment tell me now whose the terrorists again ishate name 753 dtype object;0.0
comment technically isis is cia us creation so ishate name 754 dtype object;0.0
comment rex mated with donkey ishate name 755 dtype object;0.0
comment sweden is so cool ishate name 756 dtype object;0.0
comment support gay pride ishate name 757 dtype object;0.0
comment stop drinking cow milk do people realize ishate name 758 dtype object;0.0
comment stop war lead radiation chemicals is killin ishate name 759 dtype object;0.0
comment statistics show that if you support don lemon ishate name 760 dtype object;0.0
comment son the greatest lesson can teach you is th ishate name 761 dtype object;0.0
comment some of the lyrics are wrong ishate name 762 dtype object;0.0
comment society is fucked for sure and that everyon ishate name 763 dtype object;0.0
comment so when scroll down to read leave comment ishate name 764 dtype object;0.0
comment so sorry about this bombing attack in manchest ishate name 765 dtype object;0.0
comment so how long have you lived in your mother ba ishate name 766 dtype object;0.0
comment slow down the cuts between shots way too fast ishate name 767 dtype object;0.0
comment short answer if you are murderer or child ishate name 768 dtype object;0.0
comment she really courageous woman she is one ishate name 769 dtype object;0.0
comment she the one being tense ishate name 770 dtype object;0.0
comment she is flawless omfg ishate name 771 dtype object;0.0
comment salute to this woman in hollywood you are so ishate name 772 dtype object;0.0
comment responsibility is something that needs to grow ishate name 773 dtype object;0.0
comment relax and do something wink wink hahahahaha ishate name 774 dtype object;0.0
comment red pill activism should be thing ishate name 775 dtype object;0.0
comment read this sentence slow ishate name 776 dtype object;0.0
comment put the speed on its so good ishate name 777 dtype object;0.0
comment pokemon is the best game ever ishate name 778 dtype object;0.0
comment people in 2019 keep it that of racism ishate name 779 dtype object;0.0
comment people have rights to follow there own religio ishate name 780 dtype object;0.0
comment people hate you people think your ugly people ishate name 781 dtype object;0.0
comment people are scared of change and things they do ishate name 782 dtype object;0.0
comment people are individuals look at character and ishate name 783 dtype object;0.0
comment our world should be ashamed the west should ishate name 784 dtype object;0.0
comment omg macklemore is iconic and love him ishate name 785 dtype object;0.0
comment omg that is awesome so much hate but stay posi ishate name 786 dtype object;0.0
comment omg lucas such great kid such big grow ishate name 787 dtype object;0.0
comment okay first of all drag is not fetish it ca ishate name 788 dtype object;0.0
comment oh god ck crying ishate name 789 dtype object;0.0
comment not only the politicians are going into the wo ishate name 790 dtype object;0.0
comment no shower for two days bet you smell like ishate name 791 dtype object;0.0
comment no need to lip sync just get your mic and put ishate name 792 dtype object;0.0
comment no fucking way machine would recognize that ishate name 793 dtype object;0.0
comment no body can change their biological sex but ishate name 794 dtype object;0.0
comment nice concept good story but poor act try har ishate name 795 dtype object;0.0
comment next on your list pierce your face with kat ishate name 796 dtype object;0.0
comment my sons school had someone in doing talk for ishate name 797 dtype object;0.0
comment my smile is beaming my skin is gleaming yuh ishate name 798 dtype object;0.0
comment my grandma had roommate who was drag queen ishate name 799 dtype object;0.0
comment my fav is to ask her out explicitly defining ishate name 800 dtype object;0.0
comment my cousin has that he is but still ca not tal ishate name 801 dtype object;0.0
comment my car is my love of my life fucking love ishate name 802 dtype object;0.0
comment my best friend is muslim and he is the best ishate name 803 dtype object;0.0
comment much love to you thank you for your courage ishate name 804 dtype object;0.0
comment moving from france to spain will be motherfu ishate name 805 dtype object;0.0
comment maybe crazy maybe not really don ishate name 806 dtype object;0.0
comment masterful love pain in this here post ishate name 807 dtype object;0.0
comment love the videos ishate name 808 dtype object;0.0
comment love is love roses are reds violet are blue ishate name 809 dtype object;0.0
comment love being roasted ishate name 810 dtype object;0.0
comment lots of loving ppl in world but unfortunately ishate name 811 dtype object;0.0
comment lots of haters out there and for no reason at all ishate name 812 dtype object;0.0
comment lmao fucking hilarious ishate name 813 dtype object;0.0
comment literally the reason why am deleting my insta ishate name 814 dtype object;0.0
comment lilly singh is queen yay but when will be ishate name 815 dtype object;0.0
comment lauren is savage love her ishate name 816 dtype object;0.0
comment lady gaga is the freddie mercury of our genera ishate name 817 dtype object;0.0
comment just wanna know how the fuck did this show up ishate name 818 dtype object;0.0
comment just kidding but know how it feels ishate name 819 dtype object;0.0
comment japanese culture is ancient and unique ishate name 820 dtype object;0.0
comment japan only rejected 99 they should reject all ishate name 821 dtype object;0.0
comment ive had panic attacks due to nothing or at le ishate name 822 dtype object;0.0
comment its challenge can anyone do it in reality ishate name 823 dtype object;0.0
comment it is not guilt it is stupidity on scale unkn ishate name 824 dtype object;0.0
comment it like you can do anything without some ishate name 825 dtype object;0.0
comment it should be humanity first before any country ishate name 826 dtype object;0.0
comment it is very easy in seattle for wheeler but ishate name 827 dtype object;0.0
comment it is time for trump to find natural death ishate name 828 dtype object;0.0
comment it doesn matter if you re black or white ishate name 829 dtype object;0.0
comment islam is the true religion believe it brothers ishate name 830 dtype object;0.0
comment is there still job like this would like to ishate name 831 dtype object;0.0
comment is that the dude who walked into the room kis ishate name 832 dtype object;0.0
comment incredibly fucking annoying voice but reasona ishate name 833 dtype object;0.0
comment in the uk there is maximum of five years pr ishate name 834 dtype object;0.0
comment in my opinion god loves us all for who we are ishate name 835 dtype object;0.0
comment in world full of hate remember to light up ishate name 836 dtype object;0.0
comment im very glad to have friends ishate name 837 dtype object;0.0
comment im lesbian and proud im happy my friends accep ishate name 838 dtype object;0.0
comment im from the philippines when go outside the ishate name 839 dtype object;0.0
comment if you search couple goals there pict ishate name 840 dtype object;0.0
comment if you ever wake up one morning and want to sm ishate name 841 dtype object;0.0
comment if they see the bully bulling her would be ishate name 842 dtype object;0.0
comment if they are so much like family why don they ishate name 843 dtype object;0.0
comment if theres any jikook shippers who ship them ro ishate name 844 dtype object;0.0
comment iconic woman she done so much for the un ishate name 845 dtype object;0.0
comment very sad about this fucking situation with ishate name 846 dtype object;0.0
comment an arab and can make difference and ishate name 847 dtype object;0.0
comment like to see because black compilatio ishate name 848 dtype object;0.0
comment am white am proud to be white love diver ishate name 849 dtype object;0.0
comment am sick and tired of this black and white thi ishate name 850 dtype object;0.0
comment am glad someone finally also brought light on ishate name 851 dtype object;0.0
comment am male would fight for women rights beca ishate name 852 dtype object;0.0
comment am british born muslim who helps slovakians ishate name 853 dtype object;0.0
comment am bisexual but never had sex am 31 ishate name 854 dtype object;0.0
comment am heterosexual and african by birth by bre ishate name 855 dtype object;0.0
comment would order bucket of ice cold water so ishate name 856 dtype object;0.0
comment work 10 hour shifts starting at am don ishate name 857 dtype object;0.0
comment wish him the best as well as his children ishate name 858 dtype object;0.0
comment wish everyone had father like him so lovin ishate name 859 dtype object;0.0
comment was just recently dancing in the club with ishate name 860 dtype object;0.0
comment was hoping you would post new video know ishate name 861 dtype object;0.0
comment was clinically depressed for while and thi ishate name 862 dtype object;0.0
comment want to draw you something but do not know ishate name 863 dtype object;0.0
comment want people to throw skittles at me at my we ishate name 864 dtype object;0.0
comment very much appreciate the asian woman smarts ishate name 865 dtype object;0.0
comment think black and white are just labels peopl ishate name 866 dtype object;0.0
comment support lgbt want youre support for lgbt ishate name 867 dtype object;0.0
comment still have not come out to my family about ishate name 868 dtype object;0.0
comment ship you guys please get back together ishate name 869 dtype object;0.0
comment remember that scene from the files and it ishate name 870 dtype object;0.0
comment really wanna be in public experiment like ishate name 871 dtype object;0.0
comment really like lot of what you said here ishate name 872 dtype object;0.0
comment pray to the god of the heavens and the earth ishate name 873 dtype object;0.0
comment love bi girls and lesbians ishate name 874 dtype object;0.0
comment just want to sit down with both of them buy ishate name 875 dtype object;0.0
comment just love hypocrisy am sick ishate name 876 dtype object;0.0
comment have started writing book ishate name 877 dtype object;0.0
comment have autism yet have alot of friends ishate name 878 dtype object;0.0
comment have schizophrenia and fight alone ishate name 879 dtype object;0.0
comment hate being alone at night its fucking creepy ishate name 880 dtype object;0.0
comment got my first one today on my bday smoked ishate name 881 dtype object;0.0
comment feel so dumb want to have even labeled the ishate name 882 dtype object;0.0
comment feel like they should give the reporter pi ishate name 883 dtype object;0.0
comment fear any future hate crime victim may well ishate name 884 dtype object;0.0
comment failed one little test and my mom got scared ishate name 885 dtype object;0.0
comment do not understand why people get mad at the ishate name 886 dtype object;0.0
comment do not see why we do not just create transge ishate name 887 dtype object;0.0
comment do not know but do not trust this guy ishate name 888 dtype object;0.0
comment do not have any facts do not have any stati ishate name 889 dtype object;0.0
comment do not care what people say these two fuckers ishate name 890 dtype object;0.0
comment could not be as brave if lost my son and ishate name 891 dtype object;0.0
comment could just cuddle with him ishate name 892 dtype object;0.0
comment cant understand why someone would think it is ishate name 893 dtype object;0.0
comment cant be the only one that thinks this kinda ishate name 894 dtype object;0.0
comment can smell the failure through my phone screen ishate name 895 dtype object;0.0
comment came from small country in asia and not th ishate name 896 dtype object;0.0
comment bet they had jobs ishate name 897 dtype object;0.0
comment am so sorry for all the people who disrespec ishate name 898 dtype object;0.0
comment am proud to be white cant believe that som ishate name 899 dtype object;0.0
comment am possessed by deamons ishate name 900 dtype object;0.0
comment adore her voice she is so talented what ishate name 901 dtype object;0.0
comment how much is this lawyer getting paid to go thr ishate name 902 dtype object;0.0
comment how do you wake up and think this is actually ishate name 903 dtype object;0.0
comment holy shit want to go to wedding with eight ishate name 904 dtype object;0.0
comment hollywood is the most bizare sickest and evill ishate name 905 dtype object;0.0
comment his eyebrows probably represent his parents re ishate name 906 dtype object;0.0
comment hey dude you re awesome pls teach me ishate name 907 dtype object;0.0
comment hey baby you look like tinkerbell luhlulhulhul ishate name 908 dtype object;0.0
comment here in 2019 may history be on the right side ishate name 909 dtype object;0.0
comment her smile is so beautiful omg continue being ishate name 910 dtype object;0.0
comment head is the shape of light bulb ishate name 911 dtype object;0.0
comment he is got the hottest man tits have seen ishate name 912 dtype object;0.0
comment he was so handsome in that era he didn use ishate name 913 dtype object;0.0
comment he smiles while talking about drowning his own ishate name 914 dtype object;0.0
comment he seems like the very talkative taxi driver ishate name 915 dtype object;0.0
comment he has lower iq than when water freezes ishate name 916 dtype object;0.0
comment has anyone cried in front of their parents and ishate name 917 dtype object;0.0
comment great video thank you ishate name 918 dtype object;0.0
comment gosh you guys are getting less funny with each ishate name 919 dtype object;0.0
comment goosebumps when the beat drops ishate name 920 dtype object;0.0
comment good for him that is an educated man right th ishate name 921 dtype object;0.0
comment god my humble question to almighty se ishate name 922 dtype object;0.0
comment god bless you dears ishate name 923 dtype object;0.0
comment girl anxiety attack dog you good bro ishate name 924 dtype object;0.0
comment gay straight homo lesbian how about peopl ishate name 925 dtype object;0.0
comment gas should be your preferred drink ishate name 926 dtype object;0.0
comment fucking good punch dude ishate name 927 dtype object;0.0
comment for the static sound what do you use for edi ishate name 928 dtype object;0.0
comment finally someone who means what he says it ishate name 929 dtype object;0.0
comment finally figured out where that voiceclip came ishate name 930 dtype object;0.0
comment fake news fake news ishate name 931 dtype object;0.0
comment facing challenges is hard to go through ishate name 932 dtype object;0.0
comment every publicity is good publicity ha he ishate name 933 dtype object;0.0
comment even watching it on screen feels intense im ishate name 934 dtype object;0.0
comment even straight boys played with barbies when th ishate name 935 dtype object;0.0
comment equal pay message um says the guy who want ishate name 936 dtype object;0.0
comment enough is enough ishate name 937 dtype object;0.0
comment dunno if this makes me disabled but have ast ishate name 938 dtype object;0.0
comment dont do drugs kids ishate name 939 dtype object;0.0
comment don ever kill yourself no matter what other ishate name 940 dtype object;0.0
comment do you know why he is smiling because there is ishate name 941 dtype object;0.0
comment do you know how much boys are in abusive rel ishate name 942 dtype object;0.0
comment did anybody actually know that h3h3 was reac ishate name 943 dtype object;0.0
comment depends on whether or not ryan reynolds is in ishate name 944 dtype object;0.0
comment delightful brought back some memories ishate name 945 dtype object;0.0
comment damn that made me laugh ishate name 946 dtype object;0.0
comment dad doing her hair so cute ishate name 947 dtype object;0.0
comment cutting fundings is just going to make the pro ishate name 948 dtype object;0.0
comment conveniences are all the real ishate name 949 dtype object;0.0
comment congratu fuckin lations to all the pitbull own ishate name 950 dtype object;0.0
comment civil rights movement for transgendered people ishate name 951 dtype object;0.0
comment children have no business developing their ishate name 952 dtype object;0.0
comment child abuse manipulation etc what the hell ishate name 953 dtype object;0.0
comment certainly you can you can make it illegal to ishate name 954 dtype object;0.0
comment ca not wait for the music video ishate name 955 dtype object;0.0
comment ca not tell if you are pedophile victim or ishate name 956 dtype object;0.0
comment can you all see how absurd it is calling all ishate name 957 dtype object;0.0
comment can we not fucking explain the whole song and ishate name 958 dtype object;0.0
comment can get shoutout pleaseeeeee only have ishate name 959 dtype object;0.0
comment buy lethal guns real ones not toys ishate name 960 dtype object;0.0
comment buy pc game call camp buddies trust me you ishate name 961 dtype object;0.0
comment bruh would fuckin love to film video with ishate name 962 dtype object;0.0
comment broke my heart to see the young boy claim his ishate name 963 dtype object;0.0
comment bro your channel needs to grow man ishate name 964 dtype object;0.0
comment bottles are beautiful on the inside and out ishate name 965 dtype object;0.0
comment because people becomes evil easily it is in ishate name 966 dtype object;0.0
comment beautiful in every way ishate name 967 dtype object;0.0
comment be aware of the girl in class who does not know ishate name 968 dtype object;0.0
comment awful such terror coming from nowhere felt ishate name 969 dtype object;0.0
comment at the end you literally described yourself as ishate name 970 dtype object;0.0
comment at that point you have right to defend yours ishate name 971 dtype object;0.0
comment as having friends whom are part of the lgbt ishate name 972 dtype object;0.0
comment archeological evidence is clear europeans hav ishate name 973 dtype object;0.0
comment apple is trying to be that one company that th ishate name 974 dtype object;0.0
comment anyone should leave their partner at the very ishate name 975 dtype object;0.0
comment anyone else get full body numbness that lasts ishate name 976 dtype object;0.0
comment and we have alot of democrats who support this ishate name 977 dtype object;0.0
comment and we can all make america grea make ishate name 978 dtype object;0.0
comment america is the greatest country that aint lie ishate name 979 dtype object;0.0
comment always been impressed with how professional an ishate name 980 dtype object;0.0
comment all these women have such obvious respect and ishate name 981 dtype object;0.0
comment all of these clueless reporters comparing them ishate name 982 dtype object;0.0
comment all lives do matter no matter if you black ishate name 983 dtype object;0.0
comment all know is that my disorder ruined my fucki ishate name 984 dtype object;0.0
comment adidas for you means all day dream about sn ishate name 985 dtype object;0.0
comment abusers are not just men they can be women too ishate name 986 dtype object;0.0
comment absolutely excellent as ever and yes cycling ishate name 987 dtype object;0.0
comment man chance of getting cancer is 44 percent and ishate name 988 dtype object;0.0
comment comments likes and no views gg youtube ishate name 989 dtype object;0.0
comment nah cut it off im sure won regret it ishate name 990 dtype object;0.0
comment oh and niki pronounced mademoiselle maupin wa ishate name 991 dtype object;0.0
comment just wanna make you feel okay ishate name 992 dtype object;0.0
comment from the midnight sun where the hot springs blow ishate name 993 dtype object;0.0
comment do not say am not your type ishate name 994 dtype object;0.0
comment and therefore never send to know for whom the ishate name 995 dtype object;0.0
comment and ca not stand another day ishate name 996 dtype object;0.0
comment all values unless otherwise stated are in ishate name 997 dtype object;0.0
