{"params": {"boosting_type": "gbdt", "class_weight": null, "colsample_bytree": 1.0, "importance_type": "split", "learning_rate": 0.5, "max_depth": -1, "min_child_samples": 20, "min_child_weight": 0.001, "min_split_gain": 0.0, "n_estimators": 100, "n_jobs": -1, "num_leaves": 31, "objective": null, "random_state": 42, "reg_alpha": 0.0, "reg_lambda": 0.0, "silent": "warn", "subsample": 1.0, "subsample_for_bin": 200000, "subsample_freq": 0}, "accuracy": 0.8, "f1_macro": 0.7792386185243328, "roc_auc": 0.8194832236997776}