{"params": {"boosting_type": "gbdt", "class_weight": null, "colsample_bytree": 1.0, "importance_type": "split", "learning_rate": 0.08951996820130269, "max_depth": 5, "min_child_samples": 20, "min_child_weight": 0.001, "min_split_gain": 0.0, "n_estimators": 1000, "n_jobs": -1, "num_leaves": 80, "objective": null, "random_state": null, "reg_alpha": 0.0, "reg_lambda": 0.0, "silent": "warn", "subsample": 1.0, "subsample_for_bin": 200000, "subsample_freq": 0}, "accuracy": 0.8033333333333333, "f1_macro": 0.7814140166718122, "roc_auc": 0.8425062704084046}